item_id,reviewer_a,reviewer_b
answer-01,not_mentioned,not_mentioned
answer-02,mentioned,mentioned
answer-03,recommended,recommended
answer-04,mentioned,recommended
answer-05,not_mentioned,not_mentioned
answer-06,recommended,recommended
answer-07,mentioned,mentioned
answer-08,not_mentioned,mentioned
answer-09,recommended,mentioned
answer-10,mentioned,mentioned
answer-11,not_mentioned,not_mentioned
answer-12,recommended,recommended
answer-13,mentioned,not_mentioned
answer-14,recommended,recommended
answer-15,not_mentioned,not_mentioned
answer-16,mentioned,mentioned
answer-17,recommended,recommended
answer-18,not_mentioned,not_mentioned
answer-19,mentioned,recommended
answer-20,recommended,recommended
answer-21,not_mentioned,not_mentioned
answer-22,mentioned,mentioned
answer-23,recommended,mentioned
answer-24,not_mentioned,not_mentioned
